SMILES,template
ClC1(C2=CC=CC=C2)N=N1,[*:2]-[#6]1:[#6](-[*:1]):[#6](:[#6]2:[#7&H1](:[#6](-[*:5]):[#6](-[*:4]):[#6]:2:[#6]:1-[*:3])-[H])-[H].[#17]-[#6]1(-[a:6])-[#7]=[#7]-1>>[*:5]-[#6]1:[#7]:[#6]2:[#6](:[#6](-[*:1]):[#6](-[*:2]):[#6](-[*:3]):[#6]:2:[#6](-[*:4]):[#6]:1-[a:6])-[H]
ClC1(C2=CC=C(F)C=C2)N=N1,[*:2]-[#6]1:[#6](-[*:1]):[#6](:[#6]2:[#7&H1](:[#6](-[*:5]):[#6](-[*:4]):[#6]:2:[#6]:1-[*:3])-[H])-[H].[#17]-[#6]1(-[a:6])-[#7]=[#7]-1>>[*:5]-[#6]1:[#7]:[#6]2:[#6](:[#6](-[*:1]):[#6](-[*:2]):[#6](-[*:3]):[#6]:2:[#6](-[*:4]):[#6]:1-[a:6])-[H]
ClC1(C2=CC=C(C)C=C2)N=N1,[*:2]-[#6]1:[#6](-[*:1]):[#6](:[#6]2:[#7&H1](:[#6](-[*:5]):[#6](-[*:4]):[#6]:2:[#6]:1-[*:3])-[H])-[H].[#17]-[#6]1(-[a:6])-[#7]=[#7]-1>>[*:5]-[#6]1:[#7]:[#6]2:[#6](:[#6](-[*:1]):[#6](-[*:2]):[#6](-[*:3]):[#6]:2:[#6](-[*:4]):[#6]:1-[a:6])-[H]
ClC1(C2=CC=C([N+]([O-])=O)C=C2)N=N1,[*:2]-[#6]1:[#6](-[*:1]):[#6](:[#6]2:[#7&H1](:[#6](-[*:5]):[#6](-[*:4]):[#6]:2:[#6]:1-[*:3])-[H])-[H].[#17]-[#6]1(-[a:6])-[#7]=[#7]-1>>[*:5]-[#6]1:[#7]:[#6]2:[#6](:[#6](-[*:1]):[#6](-[*:2]):[#6](-[*:3]):[#6]:2:[#6](-[*:4]):[#6]:1-[a:6])-[H]
ClC1(C2=CC=C(Br)C=C2)N=N1,[*:2]-[#6]1:[#6](-[*:1]):[#6](:[#6]2:[#7&H1](:[#6](-[*:5]):[#6](-[*:4]):[#6]:2:[#6]:1-[*:3])-[H])-[H].[#17]-[#6]1(-[a:6])-[#7]=[#7]-1>>[*:5]-[#6]1:[#7]:[#6]2:[#6](:[#6](-[*:1]):[#6](-[*:2]):[#6](-[*:3]):[#6]:2:[#6](-[*:4]):[#6]:1-[a:6])-[H]
ClC1(C2=NC=CC=C2)N=N1,[*:2]-[#6]1:[#6](-[*:1]):[#6](:[#6]2:[#7&H1](:[#6](-[*:5]):[#6](-[*:4]):[#6]:2:[#6]:1-[*:3])-[H])-[H].[#17]-[#6]1(-[a:6])-[#7]=[#7]-1>>[*:5]-[#6]1:[#7]:[#6]2:[#6](:[#6](-[*:1]):[#6](-[*:2]):[#6](-[*:3]):[#6]:2:[#6](-[*:4]):[#6]:1-[a:6])-[H]
ClC1(C2=CC=CC(C)=C2)N=N1,[*:2]-[#6]1:[#6](-[*:1]):[#6](:[#6]2:[#7&H1](:[#6](-[*:5]):[#6](-[*:4]):[#6]:2:[#6]:1-[*:3])-[H])-[H].[#17]-[#6]1(-[a:6])-[#7]=[#7]-1>>[*:5]-[#6]1:[#7]:[#6]2:[#6](:[#6](-[*:1]):[#6](-[*:2]):[#6](-[*:3]):[#6]:2:[#6](-[*:4]):[#6]:1-[a:6])-[H]
ClC1(C2=CC=C(Cl)C=C2)N=N1,[*:2]-[#6]1:[#6](-[*:1]):[#6](:[#6]2:[#7&H1](:[#6](-[*:5]):[#6](-[*:4]):[#6]:2:[#6]:1-[*:3])-[H])-[H].[#17]-[#6]1(-[a:6])-[#7]=[#7]-1>>[*:5]-[#6]1:[#7]:[#6]2:[#6](:[#6](-[*:1]):[#6](-[*:2]):[#6](-[*:3]):[#6]:2:[#6](-[*:4]):[#6]:1-[a:6])-[H]
ClC1(C2=CC=CC([N+]([O-])=O)=C2)N=N1,[*:2]-[#6]1:[#6](-[*:1]):[#6](:[#6]2:[#7&H1](:[#6](-[*:5]):[#6](-[*:4]):[#6]:2:[#6]:1-[*:3])-[H])-[H].[#17]-[#6]1(-[a:6])-[#7]=[#7]-1>>[*:5]-[#6]1:[#7]:[#6]2:[#6](:[#6](-[*:1]):[#6](-[*:2]):[#6](-[*:3]):[#6]:2:[#6](-[*:4]):[#6]:1-[a:6])-[H]
ClC1(C2=CC=CC=C2F)N=N1,[*:2]-[#6]1:[#6](-[*:1]):[#6](:[#6]2:[#7&H1](:[#6](-[*:5]):[#6](-[*:4]):[#6]:2:[#6]:1-[*:3])-[H])-[H].[#17]-[#6]1(-[a:6])-[#7]=[#7]-1>>[*:5]-[#6]1:[#7]:[#6]2:[#6](:[#6](-[*:1]):[#6](-[*:2]):[#6](-[*:3]):[#6]:2:[#6](-[*:4]):[#6]:1-[a:6])-[H]
ClC1(C2=CC=CC(Cl)=C2)N=N1,[*:2]-[#6]1:[#6](-[*:1]):[#6](:[#6]2:[#7&H1](:[#6](-[*:5]):[#6](-[*:4]):[#6]:2:[#6]:1-[*:3])-[H])-[H].[#17]-[#6]1(-[a:6])-[#7]=[#7]-1>>[*:5]-[#6]1:[#7]:[#6]2:[#6](:[#6](-[*:1]):[#6](-[*:2]):[#6](-[*:3]):[#6]:2:[#6](-[*:4]):[#6]:1-[a:6])-[H]
ClC1(C2=CC=NC=C2)N=N1,[*:2]-[#6]1:[#6](-[*:1]):[#6](:[#6]2:[#7&H1](:[#6](-[*:5]):[#6](-[*:4]):[#6]:2:[#6]:1-[*:3])-[H])-[H].[#17]-[#6]1(-[a:6])-[#7]=[#7]-1>>[*:5]-[#6]1:[#7]:[#6]2:[#6](:[#6](-[*:1]):[#6](-[*:2]):[#6](-[*:3]):[#6]:2:[#6](-[*:4]):[#6]:1-[a:6])-[H]
ClC1(C2=CC=CC(F)=C2)N=N1,[*:2]-[#6]1:[#6](-[*:1]):[#6](:[#6]2:[#7&H1](:[#6](-[*:5]):[#6](-[*:4]):[#6]:2:[#6]:1-[*:3])-[H])-[H].[#17]-[#6]1(-[a:6])-[#7]=[#7]-1>>[*:5]-[#6]1:[#7]:[#6]2:[#6](:[#6](-[*:1]):[#6](-[*:2]):[#6](-[*:3]):[#6]:2:[#6](-[*:4]):[#6]:1-[a:6])-[H]
ClC1(C2=CC=CC(OC)=C2)N=N1,[*:2]-[#6]1:[#6](-[*:1]):[#6](:[#6]2:[#7&H1](:[#6](-[*:5]):[#6](-[*:4]):[#6]:2:[#6]:1-[*:3])-[H])-[H].[#17]-[#6]1(-[a:6])-[#7]=[#7]-1>>[*:5]-[#6]1:[#7]:[#6]2:[#6](:[#6](-[*:1]):[#6](-[*:2]):[#6](-[*:3]):[#6]:2:[#6](-[*:4]):[#6]:1-[a:6])-[H]
ClC1(C2=NC=CN=C2)N=N1,[*:2]-[#6]1:[#6](-[*:1]):[#6](:[#6]2:[#7&H1](:[#6](-[*:5]):[#6](-[*:4]):[#6]:2:[#6]:1-[*:3])-[H])-[H].[#17]-[#6]1(-[a:6])-[#7]=[#7]-1>>[*:5]-[#6]1:[#7]:[#6]2:[#6](:[#6](-[*:1]):[#6](-[*:2]):[#6](-[*:3]):[#6]:2:[#6](-[*:4]):[#6]:1-[a:6])-[H]
COC1=CC(C2=CC=CC=C2)=NO1,[*:1]-[#6]1:[#7]:[#8]:[#6](-[#8]-[*:2]):[#6]:1-[H].[#8]=[#16](-[#7]1:[#7]:[#7]:[#6](-[*:3]):[#6]:1-[H])(-[*:4])=[#8]>>[#8]=[#6](-[#8]-[*:3])-[#6]1:[#6](-[*:1]):[#7&H1](:[#6](-[*:3]):[#6]:1-[#7](-[#16](=[#8])(-[*:4])=[#8])-[H])-[H]
COC1=CC(C2=CC=C(C)C=C2)=NO1,[*:1]-[#6]1:[#7]:[#8]:[#6](-[#8]-[*:2]):[#6]:1-[H].[#8]=[#16](-[#7]1:[#7]:[#7]:[#6](-[*:3]):[#6]:1-[H])(-[*:4])=[#8]>>[#8]=[#6](-[#8]-[*:3])-[#6]1:[#6](-[*:1]):[#7&H1](:[#6](-[*:3]):[#6]:1-[#7](-[#16](=[#8])(-[*:4])=[#8])-[H])-[H]
COC1=CC(C2=CC=C(C)C=C2C)=NO1,[*:1]-[#6]1:[#7]:[#8]:[#6](-[#8]-[*:2]):[#6]:1-[H].[#8]=[#16](-[#7]1:[#7]:[#7]:[#6](-[*:3]):[#6]:1-[H])(-[*:4])=[#8]>>[#8]=[#6](-[#8]-[*:3])-[#6]1:[#6](-[*:1]):[#7&H1](:[#6](-[*:3]):[#6]:1-[#7](-[#16](=[#8])(-[*:4])=[#8])-[H])-[H]
COC1=CC(C2=CC=C(OC)C=C2)=NO1,[*:1]-[#6]1:[#7]:[#8]:[#6](-[#8]-[*:2]):[#6]:1-[H].[#8]=[#16](-[#7]1:[#7]:[#7]:[#6](-[*:3]):[#6]:1-[H])(-[*:4])=[#8]>>[#8]=[#6](-[#8]-[*:3])-[#6]1:[#6](-[*:1]):[#7&H1](:[#6](-[*:3]):[#6]:1-[#7](-[#16](=[#8])(-[*:4])=[#8])-[H])-[H]
COC1=CC(C2=CC=C(OCCO3)C3=C2)=NO1,[*:1]-[#6]1:[#7]:[#8]:[#6](-[#8]-[*:2]):[#6]:1-[H].[#8]=[#16](-[#7]1:[#7]:[#7]:[#6](-[*:3]):[#6]:1-[H])(-[*:4])=[#8]>>[#8]=[#6](-[#8]-[*:3])-[#6]1:[#6](-[*:1]):[#7&H1](:[#6](-[*:3]):[#6]:1-[#7](-[#16](=[#8])(-[*:4])=[#8])-[H])-[H]
COC1=CC(C2=CC=C(Br)C=C2)=NO1,[*:1]-[#6]1:[#7]:[#8]:[#6](-[#8]-[*:2]):[#6]:1-[H].[#8]=[#16](-[#7]1:[#7]:[#7]:[#6](-[*:3]):[#6]:1-[H])(-[*:4])=[#8]>>[#8]=[#6](-[#8]-[*:3])-[#6]1:[#6](-[*:1]):[#7&H1](:[#6](-[*:3]):[#6]:1-[#7](-[#16](=[#8])(-[*:4])=[#8])-[H])-[H]
COC1=CC(C2=CC=C(Cl)C=C2)=NO1,[*:1]-[#6]1:[#7]:[#8]:[#6](-[#8]-[*:2]):[#6]:1-[H].[#8]=[#16](-[#7]1:[#7]:[#7]:[#6](-[*:3]):[#6]:1-[H])(-[*:4])=[#8]>>[#8]=[#6](-[#8]-[*:3])-[#6]1:[#6](-[*:1]):[#7&H1](:[#6](-[*:3]):[#6]:1-[#7](-[#16](=[#8])(-[*:4])=[#8])-[H])-[H]
COC1=CC(C2=CC=C(C#N)C=C2)=NO1,[*:1]-[#6]1:[#7]:[#8]:[#6](-[#8]-[*:2]):[#6]:1-[H].[#8]=[#16](-[#7]1:[#7]:[#7]:[#6](-[*:3]):[#6]:1-[H])(-[*:4])=[#8]>>[#8]=[#6](-[#8]-[*:3])-[#6]1:[#6](-[*:1]):[#7&H1](:[#6](-[*:3]):[#6]:1-[#7](-[#16](=[#8])(-[*:4])=[#8])-[H])-[H]
COC1=CC(C2=CC=C([N+]([O-])=O)C=C2)=NO1,[*:1]-[#6]1:[#7]:[#8]:[#6](-[#8]-[*:2]):[#6]:1-[H].[#8]=[#16](-[#7]1:[#7]:[#7]:[#6](-[*:3]):[#6]:1-[H])(-[*:4])=[#8]>>[#8]=[#6](-[#8]-[*:3])-[#6]1:[#6](-[*:1]):[#7&H1](:[#6](-[*:3]):[#6]:1-[#7](-[#16](=[#8])(-[*:4])=[#8])-[H])-[H]
CC(C)(C)OC1=CC(C2=CC=CC=C2)=NO1,[*:1]-[#6]1:[#7]:[#8]:[#6](-[#8]-[*:2]):[#6]:1-[H].[#8]=[#16](-[#7]1:[#7]:[#7]:[#6](-[*:3]):[#6]:1-[H])(-[*:4])=[#8]>>[#8]=[#6](-[#8]-[*:3])-[#6]1:[#6](-[*:1]):[#7&H1](:[#6](-[*:3]):[#6]:1-[#7](-[#16](=[#8])(-[*:4])=[#8])-[H])-[H]
CC1=NOC(OC)=C1,[*:1]-[#6]1:[#7]:[#8]:[#6](-[#8]-[*:2]):[#6]:1-[H].[#8]=[#16](-[#7]1:[#7]:[#7]:[#6](-[*:3]):[#6]:1-[H])(-[*:4])=[#8]>>[#8]=[#6](-[#8]-[*:3])-[#6]1:[#6](-[*:1]):[#7&H1](:[#6](-[*:3]):[#6]:1-[#7](-[#16](=[#8])(-[*:4])=[#8])-[H])-[H]
C1(C2=CC=CC=C2)=NOC(N3CCCC3)=C1,[*:1]-[#6]1:[#7]:[#8]:[#6](-[#8]-[*:2]):[#6]:1-[H].[#8]=[#16](-[#7]1:[#7]:[#7]:[#6](-[*:3]):[#6]:1-[H])(-[*:4])=[#8]>>[#8]=[#6](-[#8]-[*:3])-[#6]1:[#6](-[*:1]):[#7&H1](:[#6](-[*:3]):[#6]:1-[#7](-[#16](=[#8])(-[*:4])=[#8])-[H])-[H]
C1(C2=CC=CC=C2)=NOC(C3=CC=CC=C3)=C1,[*:1]-[#6]1:[#7]:[#8]:[#6](-[#8]-[*:2]):[#6]:1-[H].[#8]=[#16](-[#7]1:[#7]:[#7]:[#6](-[*:3]):[#6]:1-[H])(-[*:4])=[#8]>>[#8]=[#6](-[#8]-[*:3])-[#6]1:[#6](-[*:1]):[#7&H1](:[#6](-[*:3]):[#6]:1-[#7](-[#16](=[#8])(-[*:4])=[#8])-[H])-[H]
O=S(N1C=C(C2=CC=CC=C2)N=N1)(C3=CC=C(C)C=C3)=O,[*:1]-[#6]1:[#7]:[#8]:[#6](-[#8]-[*:2]):[#6]:1-[H].[#8]=[#16](-[#7]1:[#7]:[#7]:[#6](-[*:3]):[#6]:1-[H])(-[*:4])=[#8]>>[#8]=[#6](-[#8]-[*:3])-[#6]1:[#6](-[*:1]):[#7&H1](:[#6](-[*:3]):[#6]:1-[#7](-[#16](=[#8])(-[*:4])=[#8])-[H])-[H]
O=S(N1C=C(C2=CC=C(OC)C=C2)N=N1)(C3=CC=C(C)C=C3)=O,[*:1]-[#6]1:[#7]:[#8]:[#6](-[#8]-[*:2]):[#6]:1-[H].[#8]=[#16](-[#7]1:[#7]:[#7]:[#6](-[*:3]):[#6]:1-[H])(-[*:4])=[#8]>>[#8]=[#6](-[#8]-[*:3])-[#6]1:[#6](-[*:1]):[#7&H1](:[#6](-[*:3]):[#6]:1-[#7](-[#16](=[#8])(-[*:4])=[#8])-[H])-[H]
O=S(N1C=C(C2=CC=C(Cl)C=C2)N=N1)(C3=CC=C(C)C=C3)=O,[*:1]-[#6]1:[#7]:[#8]:[#6](-[#8]-[*:2]):[#6]:1-[H].[#8]=[#16](-[#7]1:[#7]:[#7]:[#6](-[*:3]):[#6]:1-[H])(-[*:4])=[#8]>>[#8]=[#6](-[#8]-[*:3])-[#6]1:[#6](-[*:1]):[#7&H1](:[#6](-[*:3]):[#6]:1-[#7](-[#16](=[#8])(-[*:4])=[#8])-[H])-[H]
O=S(N1C=C(C2=CC=CC=C2F)N=N1)(C3=CC=C(C)C=C3)=O,[*:1]-[#6]1:[#7]:[#8]:[#6](-[#8]-[*:2]):[#6]:1-[H].[#8]=[#16](-[#7]1:[#7]:[#7]:[#6](-[*:3]):[#6]:1-[H])(-[*:4])=[#8]>>[#8]=[#6](-[#8]-[*:3])-[#6]1:[#6](-[*:1]):[#7&H1](:[#6](-[*:3]):[#6]:1-[#7](-[#16](=[#8])(-[*:4])=[#8])-[H])-[H]
CN1N=CC(C2=CC=CC=C2)=C1,"[*:3]-[#6]1:[#6H]:[#7]:[#7](-[*:1]):[#6]:1-[*:2].[O,C:4]-[#6](=[#8])-[#6](-[C,c:5])=[#7+]=[#7-]>>[*:2]-[#6]1=[#6](-[*:3])-[#6]=[#7]-[#6](-[#6](-[O,C:4])=[#8])(-[C,c:5])-[#7]-1-[*:1]"
CN1N=CC(C2=CC=C(C)C=C2)=C1,"[*:3]-[#6]1:[#6H]:[#7]:[#7](-[*:1]):[#6]:1-[*:2].[O,C:4]-[#6](=[#8])-[#6](-[C,c:5])=[#7+]=[#7-]>>[*:2]-[#6]1=[#6](-[*:3])-[#6]=[#7]-[#6](-[#6](-[O,C:4])=[#8])(-[C,c:5])-[#7]-1-[*:1]"
CN1N=CC(C2=CC=C(Cl)C=C2)=C1,"[*:3]-[#6]1:[#6H]:[#7]:[#7](-[*:1]):[#6]:1-[*:2].[O,C:4]-[#6](=[#8])-[#6](-[C,c:5])=[#7+]=[#7-]>>[*:2]-[#6]1=[#6](-[*:3])-[#6]=[#7]-[#6](-[#6](-[O,C:4])=[#8])(-[C,c:5])-[#7]-1-[*:1]"
CN1N=CC(C2=CC=C(Br)C=C2)=C1,"[*:3]-[#6]1:[#6H]:[#7]:[#7](-[*:1]):[#6]:1-[*:2].[O,C:4]-[#6](=[#8])-[#6](-[C,c:5])=[#7+]=[#7-]>>[*:2]-[#6]1=[#6](-[*:3])-[#6]=[#7]-[#6](-[#6](-[O,C:4])=[#8])(-[C,c:5])-[#7]-1-[*:1]"
CN1N=CC(C2=CC=C(OC)C=C2)=C1,"[*:3]-[#6]1:[#6H]:[#7]:[#7](-[*:1]):[#6]:1-[*:2].[O,C:4]-[#6](=[#8])-[#6](-[C,c:5])=[#7+]=[#7-]>>[*:2]-[#6]1=[#6](-[*:3])-[#6]=[#7]-[#6](-[#6](-[O,C:4])=[#8])(-[C,c:5])-[#7]-1-[*:1]"
CN1N=CC(C2=CC=C([N+]([O-])=O)C=C2)=C1,"[*:3]-[#6]1:[#6H]:[#7]:[#7](-[*:1]):[#6]:1-[*:2].[O,C:4]-[#6](=[#8])-[#6](-[C,c:5])=[#7+]=[#7-]>>[*:2]-[#6]1=[#6](-[*:3])-[#6]=[#7]-[#6](-[#6](-[O,C:4])=[#8])(-[C,c:5])-[#7]-1-[*:1]"
CN1N=CC(C2=C(C=CC=C3)C3=CC=C2)=C1,"[*:3]-[#6]1:[#6H]:[#7]:[#7](-[*:1]):[#6]:1-[*:2].[O,C:4]-[#6](=[#8])-[#6](-[C,c:5])=[#7+]=[#7-]>>[*:2]-[#6]1=[#6](-[*:3])-[#6]=[#7]-[#6](-[#6](-[O,C:4])=[#8])(-[C,c:5])-[#7]-1-[*:1]"
CN1N=CC(C2=CC(C=CC=C3)=C3C=C2)=C1,"[*:3]-[#6]1:[#6H]:[#7]:[#7](-[*:1]):[#6]:1-[*:2].[O,C:4]-[#6](=[#8])-[#6](-[C,c:5])=[#7+]=[#7-]>>[*:2]-[#6]1=[#6](-[*:3])-[#6]=[#7]-[#6](-[#6](-[O,C:4])=[#8])(-[C,c:5])-[#7]-1-[*:1]"
O=C(OC)C(C1=CC=CC=C1)=[N+]=[N-],"[*:3]-[#6]1:[#6H]:[#7]:[#7](-[*:1]):[#6]:1-[*:2].[O,C:4]-[#6](=[#8])-[#6](-[C,c:5])=[#7+]=[#7-]>>[*:2]-[#6]1=[#6](-[*:3])-[#6]=[#7]-[#6](-[#6](-[O,C:4])=[#8])(-[C,c:5])-[#7]-1-[*:1]"
O=C(OC)C(C1=CC=C(OC)C=C1)=[N+]=[N-],"[*:3]-[#6]1:[#6H]:[#7]:[#7](-[*:1]):[#6]:1-[*:2].[O,C:4]-[#6](=[#8])-[#6](-[C,c:5])=[#7+]=[#7-]>>[*:2]-[#6]1=[#6](-[*:3])-[#6]=[#7]-[#6](-[#6](-[O,C:4])=[#8])(-[C,c:5])-[#7]-1-[*:1]"
O=C(OC)C(C1=CC=C(Cl)C=C1)=[N+]=[N-],"[*:3]-[#6]1:[#6H]:[#7]:[#7](-[*:1]):[#6]:1-[*:2].[O,C:4]-[#6](=[#8])-[#6](-[C,c:5])=[#7+]=[#7-]>>[*:2]-[#6]1=[#6](-[*:3])-[#6]=[#7]-[#6](-[#6](-[O,C:4])=[#8])(-[C,c:5])-[#7]-1-[*:1]"
O=C(OC)C(C1=CC=C([N+]([O-])=O)C=C1)=[N+]=[N-],"[*:3]-[#6]1:[#6H]:[#7]:[#7](-[*:1]):[#6]:1-[*:2].[O,C:4]-[#6](=[#8])-[#6](-[C,c:5])=[#7+]=[#7-]>>[*:2]-[#6]1=[#6](-[*:3])-[#6]=[#7]-[#6](-[#6](-[O,C:4])=[#8])(-[C,c:5])-[#7]-1-[*:1]"
O=C(C)C(C1=CC=CC=C1)=[N+]=[N-],"[*:3]-[#6]1:[#6H]:[#7]:[#7](-[*:1]):[#6]:1-[*:2].[O,C:4]-[#6](=[#8])-[#6](-[C,c:5])=[#7+]=[#7-]>>[*:2]-[#6]1=[#6](-[*:3])-[#6]=[#7]-[#6](-[#6](-[O,C:4])=[#8])(-[C,c:5])-[#7]-1-[*:1]"
O=C(OC)C(C(OC)=O)=[N+]=[N-],"[*:3]-[#6]1:[#6H]:[#7]:[#7](-[*:1]):[#6]:1-[*:2].[O,C:4]-[#6](=[#8])-[#6](-[C,c:5])=[#7+]=[#7-]>>[*:2]-[#6]1=[#6](-[*:3])-[#6]=[#7]-[#6](-[#6](-[O,C:4])=[#8])(-[C,c:5])-[#7]-1-[*:1]"
CC1OC1,"[C,c:1]-[#6]1(-[#8]-[#6]-1(-[H])-[H])-[H].[#8]=[#6](-[C&X3,c:2])-[#6](-[#9])(-[#9])-[#9]>>[C,c:1]-[#6]1-[#6]-[#6]-1(-[C&X3,c:2])-[#6](-[#9])(-[#9])-[#9]"
CCCCC1OC1,"[C,c:1]-[#6]1(-[#8]-[#6]-1(-[H])-[H])-[H].[#8]=[#6](-[C&X3,c:2])-[#6](-[#9])(-[#9])-[#9]>>[C,c:1]-[#6]1-[#6]-[#6]-1(-[C&X3,c:2])-[#6](-[#9])(-[#9])-[#9]"
C1(CC2=CC=CC=C2)OC1,"[C,c:1]-[#6]1(-[#8]-[#6]-1(-[H])-[H])-[H].[#8]=[#6](-[C&X3,c:2])-[#6](-[#9])(-[#9])-[#9]>>[C,c:1]-[#6]1-[#6]-[#6]-1(-[C&X3,c:2])-[#6](-[#9])(-[#9])-[#9]"
C1(CCC2=CC=CC=C2)OC1,"[C,c:1]-[#6]1(-[#8]-[#6]-1(-[H])-[H])-[H].[#8]=[#6](-[C&X3,c:2])-[#6](-[#9])(-[#9])-[#9]>>[C,c:1]-[#6]1-[#6]-[#6]-1(-[C&X3,c:2])-[#6](-[#9])(-[#9])-[#9]"
C1(COCC2=CC=CC=C2)OC1,"[C,c:1]-[#6]1(-[#8]-[#6]-1(-[H])-[H])-[H].[#8]=[#6](-[C&X3,c:2])-[#6](-[#9])(-[#9])-[#9]>>[C,c:1]-[#6]1-[#6]-[#6]-1(-[C&X3,c:2])-[#6](-[#9])(-[#9])-[#9]"
COC(C=C1)=CC=C1OCC2OC2,"[C,c:1]-[#6]1(-[#8]-[#6]-1(-[H])-[H])-[H].[#8]=[#6](-[C&X3,c:2])-[#6](-[#9])(-[#9])-[#9]>>[C,c:1]-[#6]1-[#6]-[#6]-1(-[C&X3,c:2])-[#6](-[#9])(-[#9])-[#9]"
BrC(C=C1)=CC=C1OCC2OC2,"[C,c:1]-[#6]1(-[#8]-[#6]-1(-[H])-[H])-[H].[#8]=[#6](-[C&X3,c:2])-[#6](-[#9])(-[#9])-[#9]>>[C,c:1]-[#6]1-[#6]-[#6]-1(-[C&X3,c:2])-[#6](-[#9])(-[#9])-[#9]"
C1(C2=CC=CC=C2)OC1,"[C,c:1]-[#6]1(-[#8]-[#6]-1(-[H])-[H])-[H].[#8]=[#6](-[C&X3,c:2])-[#6](-[#9])(-[#9])-[#9]>>[C,c:1]-[#6]1-[#6]-[#6]-1(-[C&X3,c:2])-[#6](-[#9])(-[#9])-[#9]"
CC(C=C1)=CC=C1C2OC2,"[C,c:1]-[#6]1(-[#8]-[#6]-1(-[H])-[H])-[H].[#8]=[#6](-[C&X3,c:2])-[#6](-[#9])(-[#9])-[#9]>>[C,c:1]-[#6]1-[#6]-[#6]-1(-[C&X3,c:2])-[#6](-[#9])(-[#9])-[#9]"
C1(C2=CC=C(C3=CC=CC=C3)C=C2)OC1,"[C,c:1]-[#6]1(-[#8]-[#6]-1(-[H])-[H])-[H].[#8]=[#6](-[C&X3,c:2])-[#6](-[#9])(-[#9])-[#9]>>[C,c:1]-[#6]1-[#6]-[#6]-1(-[C&X3,c:2])-[#6](-[#9])(-[#9])-[#9]"
ClC(C=C1)=CC=C1C2OC2,"[C,c:1]-[#6]1(-[#8]-[#6]-1(-[H])-[H])-[H].[#8]=[#6](-[C&X3,c:2])-[#6](-[#9])(-[#9])-[#9]>>[C,c:1]-[#6]1-[#6]-[#6]-1(-[C&X3,c:2])-[#6](-[#9])(-[#9])-[#9]"
COC1=CC(C2OC2)=CC=C1,"[C,c:1]-[#6]1(-[#8]-[#6]-1(-[H])-[H])-[H].[#8]=[#6](-[C&X3,c:2])-[#6](-[#9])(-[#9])-[#9]>>[C,c:1]-[#6]1-[#6]-[#6]-1(-[C&X3,c:2])-[#6](-[#9])(-[#9])-[#9]"
FC(C1=CC(C2OC2)=CC=C1)(F)F,"[C,c:1]-[#6]1(-[#8]-[#6]-1(-[H])-[H])-[H].[#8]=[#6](-[C&X3,c:2])-[#6](-[#9])(-[#9])-[#9]>>[C,c:1]-[#6]1-[#6]-[#6]-1(-[C&X3,c:2])-[#6](-[#9])(-[#9])-[#9]"
ClC1=CC(C2OC2)=CC=C1,"[C,c:1]-[#6]1(-[#8]-[#6]-1(-[H])-[H])-[H].[#8]=[#6](-[C&X3,c:2])-[#6](-[#9])(-[#9])-[#9]>>[C,c:1]-[#6]1-[#6]-[#6]-1(-[C&X3,c:2])-[#6](-[#9])(-[#9])-[#9]"
CC1=CC=CC=C1C2OC2,"[C,c:1]-[#6]1(-[#8]-[#6]-1(-[H])-[H])-[H].[#8]=[#6](-[C&X3,c:2])-[#6](-[#9])(-[#9])-[#9]>>[C,c:1]-[#6]1-[#6]-[#6]-1(-[C&X3,c:2])-[#6](-[#9])(-[#9])-[#9]"
ClC1=CC=CC=C1C2OC2,"[C,c:1]-[#6]1(-[#8]-[#6]-1(-[H])-[H])-[H].[#8]=[#6](-[C&X3,c:2])-[#6](-[#9])(-[#9])-[#9]>>[C,c:1]-[#6]1-[#6]-[#6]-1(-[C&X3,c:2])-[#6](-[#9])(-[#9])-[#9]"
C1(C#CC2=CC=CC=C2)OC1,"[C,c:1]-[#6]1(-[#8]-[#6]-1(-[H])-[H])-[H].[#8]=[#6](-[C&X3,c:2])-[#6](-[#9])(-[#9])-[#9]>>[C,c:1]-[#6]1-[#6]-[#6]-1(-[C&X3,c:2])-[#6](-[#9])(-[#9])-[#9]"
C1(C2=C(C=CC=C3)C3=CC=C2)OC1,"[C,c:1]-[#6]1(-[#8]-[#6]-1(-[H])-[H])-[H].[#8]=[#6](-[C&X3,c:2])-[#6](-[#9])(-[#9])-[#9]>>[C,c:1]-[#6]1-[#6]-[#6]-1(-[C&X3,c:2])-[#6](-[#9])(-[#9])-[#9]"
ClC1=C(Cl)C=CC(C2OC2)=C1,"[C,c:1]-[#6]1(-[#8]-[#6]-1(-[H])-[H])-[H].[#8]=[#6](-[C&X3,c:2])-[#6](-[#9])(-[#9])-[#9]>>[C,c:1]-[#6]1-[#6]-[#6]-1(-[C&X3,c:2])-[#6](-[#9])(-[#9])-[#9]"
C1(C2=CC=CS2)OC1,"[C,c:1]-[#6]1(-[#8]-[#6]-1(-[H])-[H])-[H].[#8]=[#6](-[C&X3,c:2])-[#6](-[#9])(-[#9])-[#9]>>[C,c:1]-[#6]1-[#6]-[#6]-1(-[C&X3,c:2])-[#6](-[#9])(-[#9])-[#9]"
CC1(C)OC1,"[C,c:1]-[#6]1(-[C,c:2])-[#8]-[#6]-1(-[H])-[H].[#8]=[#6](-[C&X3,c:3])-[#6](-[#9])(-[#9])-[#9]>>[C,c:1]-[#6]1(-[C,c:2])-[#6]-[#6]-1(-[C&X3,c:3])-[#6](-[#9])(-[#9])-[#9]"
C1(C2(C3=CC=CC=C3)OC2)=CC=CC=C1,"[C,c:1]-[#6]1(-[C,c:2])-[#8]-[#6]-1(-[H])-[H].[#8]=[#6](-[C&X3,c:3])-[#6](-[#9])(-[#9])-[#9]>>[C,c:1]-[#6]1(-[C,c:2])-[#6]-[#6]-1(-[C&X3,c:3])-[#6](-[#9])(-[#9])-[#9]"
ClC(C=C1)=CC=C1C2(C3=CC=C(Cl)C=C3)OC2,"[C,c:1]-[#6]1(-[C,c:2])-[#8]-[#6]-1(-[H])-[H].[#8]=[#6](-[C&X3,c:3])-[#6](-[#9])(-[#9])-[#9]>>[C,c:1]-[#6]1(-[C,c:2])-[#6]-[#6]-1(-[C&X3,c:3])-[#6](-[#9])(-[#9])-[#9]"
CC1(C2=CC=CC=C2)OC1,"[C,c:1]-[#6]1(-[C,c:2])-[#8]-[#6]-1(-[H])-[H].[#8]=[#6](-[C&X3,c:3])-[#6](-[#9])(-[#9])-[#9]>>[C,c:1]-[#6]1(-[C,c:2])-[#6]-[#6]-1(-[C&X3,c:3])-[#6](-[#9])(-[#9])-[#9]"
CC1(C2=CC=C(C=CC=C3)C3=C2)OC1,"[C,c:1]-[#6]1(-[C,c:2])-[#8]-[#6]-1(-[H])-[H].[#8]=[#6](-[C&X3,c:3])-[#6](-[#9])(-[#9])-[#9]>>[C,c:1]-[#6]1(-[C,c:2])-[#6]-[#6]-1(-[C&X3,c:3])-[#6](-[#9])(-[#9])-[#9]"
O1C2(CCOCC2)C1,"[C,c:1]-[#6]1(-[C,c:2])-[#8]-[#6]-1(-[H])-[H].[#8]=[#6](-[C&X3,c:3])-[#6](-[#9])(-[#9])-[#9]>>[C,c:1]-[#6]1(-[C,c:2])-[#6]-[#6]-1(-[C&X3,c:3])-[#6](-[#9])(-[#9])-[#9]"
C12OC1CCC2,"[C,c:1]-[#6]1(-[#8]-[#6]-1(-[C,c:2])-[H])-[H].[#8]=[#6](-[C&X3,c:3])-[#6](-[#9])(-[#9])-[#9]>>[C,c:1]-[#6]1-[#6](-[C,c:2])-[#6]-1(-[C&X3,c:3])-[#6](-[#9])(-[#9])-[#9]"
CC1OC1CCCC,"[C,c:1]-[#6]1(-[#8]-[#6]-1(-[C,c:2])-[H])-[H].[#8]=[#6](-[C&X3,c:3])-[#6](-[#9])(-[#9])-[#9]>>[C,c:1]-[#6]1-[#6](-[C,c:2])-[#6]-1(-[C&X3,c:3])-[#6](-[#9])(-[#9])-[#9]"
CC1OC1C2=CC=CC=C2,"[C,c:1]-[#6]1(-[#8]-[#6]-1(-[C,c:2])-[H])-[H].[#8]=[#6](-[C&X3,c:3])-[#6](-[#9])(-[#9])-[#9]>>[C,c:1]-[#6]1-[#6](-[C,c:2])-[#6]-1(-[C&X3,c:3])-[#6](-[#9])(-[#9])-[#9]"
C1(C2=CC=CC=C2)OC1C3=CC=CC=C3,"[C,c:1]-[#6]1(-[#8]-[#6]-1(-[C,c:2])-[H])-[H].[#8]=[#6](-[C&X3,c:3])-[#6](-[#9])(-[#9])-[#9]>>[C,c:1]-[#6]1-[#6](-[C,c:2])-[#6]-1(-[C&X3,c:3])-[#6](-[#9])(-[#9])-[#9]"
C12OC1C3=C(C=CC=C3)C2,"[C,c:1]-[#6]1(-[#8]-[#6]-1(-[C,c:2])-[H])-[H].[#8]=[#6](-[C&X3,c:3])-[#6](-[#9])(-[#9])-[#9]>>[C,c:1]-[#6]1-[#6](-[C,c:2])-[#6]-1(-[C&X3,c:3])-[#6](-[#9])(-[#9])-[#9]"
O=C(C1=CC=CC=C1)C(F)(F)F,"[C,c:1]-[#6]1(-[#8]-[#6]-1(-[C,c:2])-[H])-[H].[#8]=[#6](-[C&X3,c:3])-[#6](-[#9])(-[#9])-[#9]>>[C,c:1]-[#6]1-[#6](-[C,c:2])-[#6]-1(-[C&X3,c:3])-[#6](-[#9])(-[#9])-[#9]"
O=C(C1=CC=C(C)C=C1)C(F)(F)F,"[C,c:1]-[#6]1(-[#8]-[#6]-1(-[C,c:2])-[H])-[H].[#8]=[#6](-[C&X3,c:3])-[#6](-[#9])(-[#9])-[#9]>>[C,c:1]-[#6]1-[#6](-[C,c:2])-[#6]-1(-[C&X3,c:3])-[#6](-[#9])(-[#9])-[#9]"
O=C(C1=CC=C(OC)C=C1)C(F)(F)F,"[C,c:1]-[#6]1(-[#8]-[#6]-1(-[C,c:2])-[H])-[H].[#8]=[#6](-[C&X3,c:3])-[#6](-[#9])(-[#9])-[#9]>>[C,c:1]-[#6]1-[#6](-[C,c:2])-[#6]-1(-[C&X3,c:3])-[#6](-[#9])(-[#9])-[#9]"
O=C(C1=CC=C(C(C)(C)C)C=C1)C(F)(F)F,"[C,c:1]-[#6]1(-[#8]-[#6]-1(-[C,c:2])-[H])-[H].[#8]=[#6](-[C&X3,c:3])-[#6](-[#9])(-[#9])-[#9]>>[C,c:1]-[#6]1-[#6](-[C,c:2])-[#6]-1(-[C&X3,c:3])-[#6](-[#9])(-[#9])-[#9]"
O=C(C1=CC=C(OC(F)(F)F)C=C1)C(F)(F)F,"[C,c:1]-[#6]1(-[#8]-[#6]-1(-[C,c:2])-[H])-[H].[#8]=[#6](-[C&X3,c:3])-[#6](-[#9])(-[#9])-[#9]>>[C,c:1]-[#6]1-[#6](-[C,c:2])-[#6]-1(-[C&X3,c:3])-[#6](-[#9])(-[#9])-[#9]"
O=C(C1=CC=C(C(F)(F)F)C=C1)C(F)(F)F,"[C,c:1]-[#6]1(-[#8]-[#6]-1(-[C,c:2])-[H])-[H].[#8]=[#6](-[C&X3,c:3])-[#6](-[#9])(-[#9])-[#9]>>[C,c:1]-[#6]1-[#6](-[C,c:2])-[#6]-1(-[C&X3,c:3])-[#6](-[#9])(-[#9])-[#9]"
O=C(C1=CC=C(F)C=C1)C(F)(F)F,"[C,c:1]-[#6]1(-[#8]-[#6]-1(-[C,c:2])-[H])-[H].[#8]=[#6](-[C&X3,c:3])-[#6](-[#9])(-[#9])-[#9]>>[C,c:1]-[#6]1-[#6](-[C,c:2])-[#6]-1(-[C&X3,c:3])-[#6](-[#9])(-[#9])-[#9]"
O=C(C1=CC=CC(C)=C1)C(F)(F)F,"[C,c:1]-[#6]1(-[#8]-[#6]-1(-[C,c:2])-[H])-[H].[#8]=[#6](-[C&X3,c:3])-[#6](-[#9])(-[#9])-[#9]>>[C,c:1]-[#6]1-[#6](-[C,c:2])-[#6]-1(-[C&X3,c:3])-[#6](-[#9])(-[#9])-[#9]"
O=C(C1=CC=CC(F)=C1)C(F)(F)F,"[C,c:1]-[#6]1(-[#8]-[#6]-1(-[C,c:2])-[H])-[H].[#8]=[#6](-[C&X3,c:3])-[#6](-[#9])(-[#9])-[#9]>>[C,c:1]-[#6]1-[#6](-[C,c:2])-[#6]-1(-[C&X3,c:3])-[#6](-[#9])(-[#9])-[#9]"
O=C(C1=CC=CC=C1F)C(F)(F)F,"[C,c:1]-[#6]1(-[#8]-[#6]-1(-[C,c:2])-[H])-[H].[#8]=[#6](-[C&X3,c:3])-[#6](-[#9])(-[#9])-[#9]>>[C,c:1]-[#6]1-[#6](-[C,c:2])-[#6]-1(-[C&X3,c:3])-[#6](-[#9])(-[#9])-[#9]"
O=C(C1=CC(C)=CC(C)=C1)C(F)(F)F,"[C,c:1]-[#6]1(-[#8]-[#6]-1(-[C,c:2])-[H])-[H].[#8]=[#6](-[C&X3,c:3])-[#6](-[#9])(-[#9])-[#9]>>[C,c:1]-[#6]1-[#6](-[C,c:2])-[#6]-1(-[C&X3,c:3])-[#6](-[#9])(-[#9])-[#9]"
O=C(C1=CC=C(C=CC=C2)C2=C1)C(F)(F)F,"[C,c:1]-[#6]1(-[#8]-[#6]-1(-[C,c:2])-[H])-[H].[#8]=[#6](-[C&X3,c:3])-[#6](-[#9])(-[#9])-[#9]>>[C,c:1]-[#6]1-[#6](-[C,c:2])-[#6]-1(-[C&X3,c:3])-[#6](-[#9])(-[#9])-[#9]"
O=C(C1=CC=CO1)C(F)(F)F,"[C,c:1]-[#6]1(-[#8]-[#6]-1(-[C,c:2])-[H])-[H].[#8]=[#6](-[C&X3,c:3])-[#6](-[#9])(-[#9])-[#9]>>[C,c:1]-[#6]1-[#6](-[C,c:2])-[#6]-1(-[C&X3,c:3])-[#6](-[#9])(-[#9])-[#9]"
O=C(/C=C(C)/C)C(F)(F)F,"[C,c:1]-[#6]1(-[#8]-[#6]-1(-[C,c:2])-[H])-[H].[#8]=[#6](-[C&X3,c:3])-[#6](-[#9])(-[#9])-[#9]>>[C,c:1]-[#6]1-[#6](-[C,c:2])-[#6]-1(-[C&X3,c:3])-[#6](-[#9])(-[#9])-[#9]"
O=C(/C=C/C1=CC=CC=C1)C(F)(F)F,"[C,c:1]-[#6]1(-[#8]-[#6]-1(-[C,c:2])-[H])-[H].[#8]=[#6](-[C&X3,c:3])-[#6](-[#9])(-[#9])-[#9]>>[C,c:1]-[#6]1-[#6](-[C,c:2])-[#6]-1(-[C&X3,c:3])-[#6](-[#9])(-[#9])-[#9]"
O=C(/C=C/C=C/C1=CC=CC=C1)C(F)(F)F,"[C,c:1]-[#6]1(-[#8]-[#6]-1(-[C,c:2])-[H])-[H].[#8]=[#6](-[C&X3,c:3])-[#6](-[#9])(-[#9])-[#9]>>[C,c:1]-[#6]1-[#6](-[C,c:2])-[#6]-1(-[C&X3,c:3])-[#6](-[#9])(-[#9])-[#9]"
ClC1(C2=CC=C(OC)C=C2)N=N1,[*:2]-[#6]1:[#6](-[*:1]):[#7&H1](:[#7]:[#6]:1-[*:3])-[H].[#17]-[#6]1(-[a:4])-[#7]=[#7]-1>>[*:2]-[#6]1:[#6](-[*:1]):[#7]:[#6](-[a:4]):[#7]:[#6]:1-[*:3]
ClC1(C2=CC=CC(Br)=C2)N=N1,[*:2]-[#6]1:[#6](-[*:1]):[#7&H1](:[#7]:[#6]:1-[*:3])-[H].[#17]-[#6]1(-[a:4])-[#7]=[#7]-1>>[*:2]-[#6]1:[#6](-[*:1]):[#7]:[#6](-[a:4]):[#7]:[#6]:1-[*:3]
ClC1(C2=CC=CS2)N=N1,[*:2]-[#6]1:[#6](-[*:1]):[#7&H1](:[#7]:[#6]:1-[*:3])-[H].[#17]-[#6]1(-[a:4])-[#7]=[#7]-1>>[*:2]-[#6]1:[#6](-[*:1]):[#7]:[#6](-[a:4]):[#7]:[#6]:1-[*:3]
O=C(C(F)(F)F)/C=C/C1=CC=CC=C1,"[C,c:1]-[#6]1:[#6](:[#7](:[#6](:[#6]:1-[H])-[H])-[H])-[H].[C,c:2]/[#6](=[#6](/[#6](-[#6](-[#9])(-[#9])-[#9])=[#8])-[H])-[H]>>[C,c:2]/[#6]=[#6]/[#6]1(-[#6](-[#9])(-[#9])-[#9])-[#6]=[#7]-[#6]-[#6](-[C,c:1])=[#6]-1"
O=C(C(F)(F)F)/C=C/C1=CC=CS1,"[C,c:1]-[#6]1:[#6](:[#7](:[#6](:[#6]:1-[H])-[H])-[H])-[H].[C,c:2]/[#6](=[#6](/[#6](-[#6](-[#9])(-[#9])-[#9])=[#8])-[H])-[H]>>[C,c:2]/[#6]=[#6]/[#6]1(-[#6](-[#9])(-[#9])-[#9])-[#6]=[#7]-[#6]-[#6](-[C,c:1])=[#6]-1"
O=C(C(F)(F)F)/C=C/C#CC1=CC=CC=C1,"[C,c:1]-[#6]1:[#6](:[#7](:[#6](:[#6]:1-[H])-[H])-[H])-[H].[C,c:2]/[#6](=[#6](/[#6](-[#6](-[#9])(-[#9])-[#9])=[#8])-[H])-[H]>>[C,c:2]/[#6]=[#6]/[#6]1(-[#6](-[#9])(-[#9])-[#9])-[#6]=[#7]-[#6]-[#6](-[C,c:1])=[#6]-1"
O=C(C(F)(F)F)/C=C/C=C/C1=CC=CC=C1,"[C,c:1]-[#6]1:[#6](:[#7](:[#6](:[#6]:1-[H])-[H])-[H])-[H].[C,c:2]/[#6](=[#6](/[#6](-[#6](-[#9])(-[#9])-[#9])=[#8])-[H])-[H]>>[C,c:2]/[#6]=[#6]/[#6]1(-[#6](-[#9])(-[#9])-[#9])-[#6]=[#7]-[#6]-[#6](-[C,c:1])=[#6]-1"
O=C(C(F)(F)F)/C=C/C(C)=C\C(OCC)=O,"[C,c:1]-[#6]1:[#6](:[#7](:[#6](:[#6]:1-[H])-[H])-[H])-[H].[C,c:2]/[#6](=[#6](/[#6](-[#6](-[#9])(-[#9])-[#9])=[#8])-[H])-[H]>>[C,c:2]/[#6]=[#6]/[#6]1(-[#6](-[#9])(-[#9])-[#9])-[#6]=[#7]-[#6]-[#6](-[C,c:1])=[#6]-1"
BrC(Br)F,[*:2]-[#6]1:[#6](-[*:1]):[#7](:[#6]2:[#6](-[*:6]):[#6](-[*:5]):[#6](-[*:4]):[#6](-[*:3]):[#6]:1:2)-[H].[#35]-[#6](-[#35])(-[*:7])-[H]>>[*:3]-[#6]1:[#6]2:[#6](:[#7]:[#6](-[*:1]):[#6](-[*:7]):[#6]:2-[*:2]):[#6](-[*:6]):[#6](-[*:5]):[#6]:1-[*:4]
BrC(Br)Br,[*:2]-[#6]1:[#6](-[*:1]):[#7](:[#6]2:[#6](-[*:6]):[#6](-[*:5]):[#6](-[*:4]):[#6](-[*:3]):[#6]:1:2)-[H].[#35]-[#6](-[#35])(-[*:7])-[H]>>[*:3]-[#6]1:[#6]2:[#6](:[#7]:[#6](-[*:1]):[#6](-[*:7]):[#6]:2-[*:2]):[#6](-[*:6]):[#6](-[*:5]):[#6]:1-[*:4]
BrC(Br)Cl,[*:2]-[#6]1:[#6](-[*:1]):[#7](:[#6]2:[#6](-[*:6]):[#6](-[*:5]):[#6](-[*:4]):[#6](-[*:3]):[#6]:1:2)-[H].[#35]-[#6](-[#35])(-[*:7])-[H]>>[*:3]-[#6]1:[#6]2:[#6](:[#7]:[#6](-[*:1]):[#6](-[*:7]):[#6]:2-[*:2]):[#6](-[*:6]):[#6](-[*:5]):[#6]:1-[*:4]
BrC(Br)C1=CC=CC=C1,[*:2]-[#6]1:[#6](-[*:1]):[#7](:[#6]2:[#6](-[*:6]):[#6](-[*:5]):[#6](-[*:4]):[#6](-[*:3]):[#6]:1:2)-[H].[#35]-[#6](-[#35])(-[*:7])-[H]>>[*:3]-[#6]1:[#6]2:[#6](:[#7]:[#6](-[*:1]):[#6](-[*:7]):[#6]:2-[*:2]):[#6](-[*:6]):[#6](-[*:5]):[#6]:1-[*:4]
BrC(Br)C1=CC(C=CC=C2)=C2C=C1,[*:2]-[#6]1:[#6](-[*:1]):[#7](:[#6]2:[#6](-[*:6]):[#6](-[*:5]):[#6](-[*:4]):[#6](-[*:3]):[#6]:1:2)-[H].[#35]-[#6](-[#35])(-[*:7])-[H]>>[*:3]-[#6]1:[#6]2:[#6](:[#7]:[#6](-[*:1]):[#6](-[*:7]):[#6]:2-[*:2]):[#6](-[*:6]):[#6](-[*:5]):[#6]:1-[*:4]
BrC(Br)C,[*:2]-[#6]1:[#6](-[*:1]):[#7](:[#6]2:[#6](-[*:6]):[#6](-[*:5]):[#6](-[*:4]):[#6](-[*:3]):[#6]:1:2)-[H].[#35]-[#6](-[#35])(-[*:7])-[H]>>[*:3]-[#6]1:[#6]2:[#6](:[#7]:[#6](-[*:1]):[#6](-[*:7]):[#6]:2-[*:2]):[#6](-[*:6]):[#6](-[*:5]):[#6]:1-[*:4]
BrC(Br)C#N,[*:2]-[#6]1:[#6](-[*:1]):[#7](:[#6]2:[#6](-[*:6]):[#6](-[*:5]):[#6](-[*:4]):[#6](-[*:3]):[#6]:1:2)-[H].[#35]-[#6](-[#35])(-[*:7])-[H]>>[*:3]-[#6]1:[#6]2:[#6](:[#7]:[#6](-[*:1]):[#6](-[*:7]):[#6]:2-[*:2]):[#6](-[*:6]):[#6](-[*:5]):[#6]:1-[*:4]
N/N=C(C1=CC=C(C)C=C1)/C(F)(F)F,[*:1]-[#6]1:[#6](:[#6](:[#6]2:[#7&H1](:[#6](:[#6](:[#6]:2:[#6]:1-[H])-[H])-[H])-[H])-[H])-[H].[#7](/[#7]=[#6](\[*:2])-[#6](-[#9])(-[#9])-[#9])(-[H])-[H]>>[*:2]-[#6]1(-[#6](-[#9])(-[#9])-[#9])-[#6](-[#6]2:[#6](:[#6](-[*:1]):[#6](:[#6](:[#6]:2-[#7]=[#6]-1-[H])-[H])-[H])-[H])(-[H])-[H]
N/N=C(C1=CC=C(Cl)C=C1)/C(F)(F)F,[*:1]-[#6]1:[#6](:[#6](:[#6]2:[#7&H1](:[#6](:[#6](:[#6]:2:[#6]:1-[H])-[H])-[H])-[H])-[H])-[H].[#7](/[#7]=[#6](\[*:2])-[#6](-[#9])(-[#9])-[#9])(-[H])-[H]>>[*:2]-[#6]1(-[#6](-[#9])(-[#9])-[#9])-[#6](-[#6]2:[#6](:[#6](-[*:1]):[#6](:[#6](:[#6]:2-[#7]=[#6]-1-[H])-[H])-[H])-[H])(-[H])-[H]
N/N=C(C1=CC=C(Br)C=C1)/C(F)(F)F,[*:1]-[#6]1:[#6](:[#6](:[#6]2:[#7&H1](:[#6](:[#6](:[#6]:2:[#6]:1-[H])-[H])-[H])-[H])-[H])-[H].[#7](/[#7]=[#6](\[*:2])-[#6](-[#9])(-[#9])-[#9])(-[H])-[H]>>[*:2]-[#6]1(-[#6](-[#9])(-[#9])-[#9])-[#6](-[#6]2:[#6](:[#6](-[*:1]):[#6](:[#6](:[#6]:2-[#7]=[#6]-1-[H])-[H])-[H])-[H])(-[H])-[H]
N/N=C(C1=CC=C(I)C=C1)/C(F)(F)F,[*:1]-[#6]1:[#6](:[#6](:[#6]2:[#7&H1](:[#6](:[#6](:[#6]:2:[#6]:1-[H])-[H])-[H])-[H])-[H])-[H].[#7](/[#7]=[#6](\[*:2])-[#6](-[#9])(-[#9])-[#9])(-[H])-[H]>>[*:2]-[#6]1(-[#6](-[#9])(-[#9])-[#9])-[#6](-[#6]2:[#6](:[#6](-[*:1]):[#6](:[#6](:[#6]:2-[#7]=[#6]-1-[H])-[H])-[H])-[H])(-[H])-[H]
N/N=C(C1=COC=C1)/C(F)(F)F,[*:1]-[#6]1:[#6](:[#6](:[#6]2:[#7&H1](:[#6](:[#6](:[#6]:2:[#6]:1-[H])-[H])-[H])-[H])-[H])-[H].[#7](/[#7]=[#6](\[*:2])-[#6](-[#9])(-[#9])-[#9])(-[H])-[H]>>[*:2]-[#6]1(-[#6](-[#9])(-[#9])-[#9])-[#6](-[#6]2:[#6](:[#6](-[*:1]):[#6](:[#6](:[#6]:2-[#7]=[#6]-1-[H])-[H])-[H])-[H])(-[H])-[H]
C=C(CO1)COC1=O,[#8]=[#6](-[#6]12-[#6](-[#6]-1(-[#6]-2(-[H])-[H])-[H])(-[H])-[H])-[*:1].[#8]=[#6]1-[#8]-[#6](-[#6](-[#6](-[#8]-1)(-[H])-[H])=[#6](-[*:2])-[H])(-[H])-[H]>>[#8]=[#6](-[#6]12-[#6]-[#6](-[#6]-1)-[#8]-[#6]/[#6](-[#6]-2)=[#6]\\[*:2])-[*:1]
O=C(OC/1)OCC1=C/C2=CC=CC=C2,[#8]=[#6](-[#6]12-[#6](-[#6]-1(-[#6]-2(-[H])-[H])-[H])(-[H])-[H])-[*:1].[#8]=[#6]1-[#8]-[#6](-[#6](-[#6](-[#8]-1)(-[H])-[H])=[#6](-[*:2])-[H])(-[H])-[H]>>[#8]=[#6](-[#6]12-[#6]-[#6](-[#6]-1)-[#8]-[#6]/[#6](-[#6]-2)=[#6]\\[*:2])-[*:1]
O=C(OC/1)OCC1=C/C2=CC=CS2,[#8]=[#6](-[#6]12-[#6](-[#6]-1(-[#6]-2(-[H])-[H])-[H])(-[H])-[H])-[*:1].[#8]=[#6]1-[#8]-[#6](-[#6](-[#6](-[#8]-1)(-[H])-[H])=[#6](-[*:2])-[H])(-[H])-[H]>>[#8]=[#6](-[#6]12-[#6]-[#6](-[#6]-1)-[#8]-[#6]/[#6](-[#6]-2)=[#6]\\[*:2])-[*:1]
O=C(OC/1)OCC1=C/C2CCCCC2,[#8]=[#6](-[#6]12-[#6](-[#6]-1(-[#6]-2(-[H])-[H])-[H])(-[H])-[H])-[*:1].[#8]=[#6]1-[#8]-[#6](-[#6](-[#6](-[#8]-1)(-[H])-[H])=[#6](-[*:2])-[H])(-[H])-[H]>>[#8]=[#6](-[#6]12-[#6]-[#6](-[#6]-1)-[#8]-[#6]/[#6](-[#6]-2)=[#6]\\[*:2])-[*:1]
F/C(F)=C(C1=CC=C(C)C=C1)\CC(C(OC)=O)C(OC)=O,[#8]=[#6](-[#8]-[*:1])-[#6]12-[#6](-[#6]-1(-[H])-[H])(-[a:2])-[#6]-2(-[H])-[H].[#9]-[#6](-[#9])=[#6](-[a:3])-[#6](-[#6](-[#6](-[#8]-[*:4])=[#8])(-[#6](-[#8]-[*:5])=[#8])-[H])(-[H])-[H]>>[#9]-[#6]1=[#6](-[a:3])-[#6](-[#6](-[#6](-[#8]-[*:4])=[#8])(-[#6](-[#8]-[*:5])=[#8])-[#6]2(-[#6](-[#8]-[*:1])=[#8])-[#6](-[#6]-1(-[#6]-2(-[H])-[H])-[a:2])(-[H])-[H])(-[H])-[H]
F/C(F)=C(C1=CC=C(OC)C=C1)\CC(C(OC)=O)C(OC)=O,[#8]=[#6](-[#8]-[*:1])-[#6]12-[#6](-[#6]-1(-[H])-[H])(-[a:2])-[#6]-2(-[H])-[H].[#9]-[#6](-[#9])=[#6](-[a:3])-[#6](-[#6](-[#6](-[#8]-[*:4])=[#8])(-[#6](-[#8]-[*:5])=[#8])-[H])(-[H])-[H]>>[#9]-[#6]1=[#6](-[a:3])-[#6](-[#6](-[#6](-[#8]-[*:4])=[#8])(-[#6](-[#8]-[*:5])=[#8])-[#6]2(-[#6](-[#8]-[*:1])=[#8])-[#6](-[#6]-1(-[#6]-2(-[H])-[H])-[a:2])(-[H])-[H])(-[H])-[H]
F/C(F)=C(C1=CC=C(Cl)C=C1)\CC(C(OC)=O)C(OC)=O,[#8]=[#6](-[#8]-[*:1])-[#6]12-[#6](-[#6]-1(-[H])-[H])(-[a:2])-[#6]-2(-[H])-[H].[#9]-[#6](-[#9])=[#6](-[a:3])-[#6](-[#6](-[#6](-[#8]-[*:4])=[#8])(-[#6](-[#8]-[*:5])=[#8])-[H])(-[H])-[H]>>[#9]-[#6]1=[#6](-[a:3])-[#6](-[#6](-[#6](-[#8]-[*:4])=[#8])(-[#6](-[#8]-[*:5])=[#8])-[#6]2(-[#6](-[#8]-[*:1])=[#8])-[#6](-[#6]-1(-[#6]-2(-[H])-[H])-[a:2])(-[H])-[H])(-[H])-[H]
F/C(F)=C(C1=CC=C(C(F)(F)F)C=C1)\CC(C(OC)=O)C(OC)=O,[#8]=[#6](-[#8]-[*:1])-[#6]12-[#6](-[#6]-1(-[H])-[H])(-[a:2])-[#6]-2(-[H])-[H].[#9]-[#6](-[#9])=[#6](-[a:3])-[#6](-[#6](-[#6](-[#8]-[*:4])=[#8])(-[#6](-[#8]-[*:5])=[#8])-[H])(-[H])-[H]>>[#9]-[#6]1=[#6](-[a:3])-[#6](-[#6](-[#6](-[#8]-[*:4])=[#8])(-[#6](-[#8]-[*:5])=[#8])-[#6]2(-[#6](-[#8]-[*:1])=[#8])-[#6](-[#6]-1(-[#6]-2(-[H])-[H])-[a:2])(-[H])-[H])(-[H])-[H]
O=C(C1=CC=C(C(F)(F)F)C=C1)[N-][N+]2=CC=C3C(C=CC=C3)=C2,[#8]=[#6](-[#8]-[*:1])-[#6]12-[#6](-[#6]-1(-[H])-[H])(-[a:2])-[#6]-2(-[H])-[H].[#9]-[#6](-[#9])=[#6](-[a:3])-[#6](-[#6](-[#6](-[#8]-[*:4])=[#8])(-[#6](-[#8]-[*:5])=[#8])-[H])(-[H])-[H]>>[#9]-[#6]1=[#6](-[a:3])-[#6](-[#6](-[#6](-[#8]-[*:4])=[#8])(-[#6](-[#8]-[*:5])=[#8])-[#6]2(-[#6](-[#8]-[*:1])=[#8])-[#6](-[#6]-1(-[#6]-2(-[H])-[H])-[a:2])(-[H])-[H])(-[H])-[H]
O=C(C1=CC=C(C(F)(F)F)C=C1)[N-][N+]2=CC=C3C(C=CC=C3OC)=C2,[#8]=[#6](-[#8]-[*:1])-[#6]12-[#6](-[#6]-1(-[H])-[H])(-[a:2])-[#6]-2(-[H])-[H].[#9]-[#6](-[#9])=[#6](-[a:3])-[#6](-[#6](-[#6](-[#8]-[*:4])=[#8])(-[#6](-[#8]-[*:5])=[#8])-[H])(-[H])-[H]>>[#9]-[#6]1=[#6](-[a:3])-[#6](-[#6](-[#6](-[#8]-[*:4])=[#8])(-[#6](-[#8]-[*:5])=[#8])-[#6]2(-[#6](-[#8]-[*:1])=[#8])-[#6](-[#6]-1(-[#6]-2(-[H])-[H])-[a:2])(-[H])-[H])(-[H])-[H]
C=C(N=[N+]=[N-])C1=CC=CC=C1,[#8]=[#6](-[a:1])-[#6]12-[#6](-[#6]-1(-[H])-[H])(-[a:2])-[#6]-2(-[H])-[H].C(=C(N=[N&+]=[N&-])[a:3])(-[H])-[H]>>[#8]=[#6](-[a:1])-[#6]12-[#6](-[#6](-[#6]-1(-[H])-[H])(-[a:2])-[#6](-[#6](-[a:3])=[#7]-2)(-[H])-[H])(-[H])-[H]
C=C(N=[N+]=[N-])C1=CC=C(C)C=C1,[#8]=[#6](-[a:1])-[#6]12-[#6](-[#6]-1(-[H])-[H])(-[a:2])-[#6]-2(-[H])-[H].C(=C(N=[N&+]=[N&-])[a:3])(-[H])-[H]>>[#8]=[#6](-[a:1])-[#6]12-[#6](-[#6](-[#6]-1(-[H])-[H])(-[a:2])-[#6](-[#6](-[a:3])=[#7]-2)(-[H])-[H])(-[H])-[H]
C=C(N=[N+]=[N-])C1=CC=C(OC)C=C1,[#8]=[#6](-[a:1])-[#6]12-[#6](-[#6]-1(-[H])-[H])(-[a:2])-[#6]-2(-[H])-[H].C(=C(N=[N&+]=[N&-])[a:3])(-[H])-[H]>>[#8]=[#6](-[a:1])-[#6]12-[#6](-[#6](-[#6]-1(-[H])-[H])(-[a:2])-[#6](-[#6](-[a:3])=[#7]-2)(-[H])-[H])(-[H])-[H]
C=C(N=[N+]=[N-])C1=CC=C(F)C=C1,[#8]=[#6](-[a:1])-[#6]12-[#6](-[#6]-1(-[H])-[H])(-[a:2])-[#6]-2(-[H])-[H].C(=C(N=[N&+]=[N&-])[a:3])(-[H])-[H]>>[#8]=[#6](-[a:1])-[#6]12-[#6](-[#6](-[#6]-1(-[H])-[H])(-[a:2])-[#6](-[#6](-[a:3])=[#7]-2)(-[H])-[H])(-[H])-[H]
C=C(N=[N+]=[N-])C1=CC=C(Cl)C=C1,[#8]=[#6](-[a:1])-[#6]12-[#6](-[#6]-1(-[H])-[H])(-[a:2])-[#6]-2(-[H])-[H].C(=C(N=[N&+]=[N&-])[a:3])(-[H])-[H]>>[#8]=[#6](-[a:1])-[#6]12-[#6](-[#6](-[#6]-1(-[H])-[H])(-[a:2])-[#6](-[#6](-[a:3])=[#7]-2)(-[H])-[H])(-[H])-[H]
C=C(N=[N+]=[N-])C1=CC=C(Br)C=C1,[#8]=[#6](-[a:1])-[#6]12-[#6](-[#6]-1(-[H])-[H])(-[a:2])-[#6]-2(-[H])-[H].C(=C(N=[N&+]=[N&-])[a:3])(-[H])-[H]>>[#8]=[#6](-[a:1])-[#6]12-[#6](-[#6](-[#6]-1(-[H])-[H])(-[a:2])-[#6](-[#6](-[a:3])=[#7]-2)(-[H])-[H])(-[H])-[H]
C=C(N=[N+]=[N-])C1=CC=CS1,[#8]=[#6](-[a:1])-[#6]12-[#6](-[#6]-1(-[H])-[H])(-[a:2])-[#6]-2(-[H])-[H].C(=C(N=[N&+]=[N&-])[a:3])(-[H])-[H]>>[#8]=[#6](-[a:1])-[#6]12-[#6](-[#6](-[#6]-1(-[H])-[H])(-[a:2])-[#6](-[#6](-[a:3])=[#7]-2)(-[H])-[H])(-[H])-[H]
C=CC1(C2=CC=CC=C2)OC1,[#8]=[#6](-[a:1])-[#6]12-[#6](-[#6]-1(-[H])-[H])(-[#6]-2(-[H])-[H])-[H].[#6](=[#6](-[#6]1(-[a:2])-[#8]-[#6]-1(-[H])-[H])-[H])(-[H])-[H]>>[#6]=[#6]-[#6]1(-[a:2])-[#6]2(-[#6](-[a:1])=[#8])-[#6]-[#6](-[#6]-2)-[#8]-[#6]-1
C=CC1(C2=CC=C(Cl)C=C2)OC1,[#8]=[#6](-[a:1])-[#6]12-[#6](-[#6]-1(-[H])-[H])(-[#6]-2(-[H])-[H])-[H].[#6](=[#6](-[#6]1(-[a:2])-[#8]-[#6]-1(-[H])-[H])-[H])(-[H])-[H]>>[#6]=[#6]-[#6]1(-[a:2])-[#6]2(-[#6](-[a:1])=[#8])-[#6]-[#6](-[#6]-2)-[#8]-[#6]-1
C=CC1(C2=CC=C(Br)C=C2)OC1,[#8]=[#6](-[a:1])-[#6]12-[#6](-[#6]-1(-[H])-[H])(-[#6]-2(-[H])-[H])-[H].[#6](=[#6](-[#6]1(-[a:2])-[#8]-[#6]-1(-[H])-[H])-[H])(-[H])-[H]>>[#6]=[#6]-[#6]1(-[a:2])-[#6]2(-[#6](-[a:1])=[#8])-[#6]-[#6](-[#6]-2)-[#8]-[#6]-1
C=CC1(C2=CC=C(F)C=C2)OC1,[#8]=[#6](-[a:1])-[#6]12-[#6](-[#6]-1(-[H])-[H])(-[#6]-2(-[H])-[H])-[H].[#6](=[#6](-[#6]1(-[a:2])-[#8]-[#6]-1(-[H])-[H])-[H])(-[H])-[H]>>[#6]=[#6]-[#6]1(-[a:2])-[#6]2(-[#6](-[a:1])=[#8])-[#6]-[#6](-[#6]-2)-[#8]-[#6]-1
C=CC1(C2=CC=C(C(F)(F)F)C=C2)OC1,[#8]=[#6](-[a:1])-[#6]12-[#6](-[#6]-1(-[H])-[H])(-[#6]-2(-[H])-[H])-[H].[#6](=[#6](-[#6]1(-[a:2])-[#8]-[#6]-1(-[H])-[H])-[H])(-[H])-[H]>>[#6]=[#6]-[#6]1(-[a:2])-[#6]2(-[#6](-[a:1])=[#8])-[#6]-[#6](-[#6]-2)-[#8]-[#6]-1
C=CC1(C2=CC=C(C)C=C2)OC1,[#8]=[#6](-[a:1])-[#6]12-[#6](-[#6]-1(-[H])-[H])(-[#6]-2(-[H])-[H])-[H].[#6](=[#6](-[#6]1(-[a:2])-[#8]-[#6]-1(-[H])-[H])-[H])(-[H])-[H]>>[#6]=[#6]-[#6]1(-[a:2])-[#6]2(-[#6](-[a:1])=[#8])-[#6]-[#6](-[#6]-2)-[#8]-[#6]-1
C=CC1(C2=CC(C=CC=C3)=C3C=C2)OC1,[#8]=[#6](-[a:1])-[#6]12-[#6](-[#6]-1(-[H])-[H])(-[#6]-2(-[H])-[H])-[H].[#6](=[#6](-[#6]1(-[a:2])-[#8]-[#6]-1(-[H])-[H])-[H])(-[H])-[H]>>[#6]=[#6]-[#6]1(-[a:2])-[#6]2(-[#6](-[a:1])=[#8])-[#6]-[#6](-[#6]-2)-[#8]-[#6]-1
